--
-- Structure de la base avec quelques données pour essai
--
CREATE DATABASE  IF NOT EXISTS `groupomania`;
USE `groupomania`;
--
-- Table structure for table `comment`
--
DROP TABLE IF EXISTS `comment`;
CREATE TABLE `comment` (
  `id` int unsigned NOT NULL AUTO_INCREMENT,
  `post_id` int unsigned NOT NULL,
  `user_id` int unsigned NOT NULL,
  `content` text NOT NULL,
  `createdAt` datetime NOT NULL,
  `updateAt` datetime NOT NULL,
  PRIMARY KEY (`id`)
) ENGINE=InnoDB AUTO_INCREMENT=69 DEFAULT CHARSET=utf8mb4 COLLATE=utf8mb4_0900_ai_ci;
--
-- Dumping data for table `comment`
--
LOCK TABLES `comment` WRITE;
INSERT INTO `comment` VALUES (8,10,17,'Maecenas laoreet tellus nisl, vel pharetra felis egestas vitae. Vestibulum malesuada semper interdum. Aenean eget vehicula massa. Sed finibus enim vitae massa dictum mattis. Sed convallis tempus arcu at auctor. Quisque quis scelerisque orci.','2021-02-13 18:22:04','2021-02-13 18:22:04'),(9,11,26,'Morbi tellus enim, pretium quis nisl eu, suscipit aliquam nibh. Aenean lacinia mi nunc, eu viverra mauris consequat eget. Curabitur at velit iaculis, varius tortor id, elementum tellus. In finibus vulputate tortor a sodales. Aliquam at egestas elit, quis tincidunt est.','2021-02-13 19:10:14','2021-02-13 19:10:14'),(50,13,91,'Nunc iaculis magna ut aliquam hendrerit. Nam sollicitudin justo condimentum tempus consectetur. Maecenas molestie est et egestas placerat. Praesent ante ligula, placerat vel laoreet non, ornare euismod erat. Maecenas lobortis blandit purus ut rhoncus. Aenean auctor auctor sagittis. ','2021-02-26 09:33:38','2021-02-26 09:33:38'),(51,124,50,'Maecenas molestie est et egestas placerat. Praesent ante ligula, placerat vel laoreet non, ornare euismod erat. Maecenas lobortis blandit purus ut rhoncus. Avis etc.','2021-02-26 09:35:30','2021-02-26 09:35:30'),(52,124,44,'Aenean auctor auctor sagittis. Vivamus imperdiet, velit eget maximus vehicula, augue ligula viverra elit, sed tincidunt arcu velit id eros. Aliquam mollis tellus a nunc eleifend, euismod cursus orci pretium. Vivamus in cursus nulla.','2021-02-26 09:38:04','2021-02-26 09:38:04'),(53,124,65,'Duis suscipit condimentum elementum. Praesent ultrices magna vel aliquam tincidunt. Vestibulum sapien leo, luctus vel ullamcorper in, pulvinar sit amet erat. Praesent a ultrices leo. Donec nisl diam, faucibus at sem nec, mollis consectetur eros. Nullam urna odio, ultricies eget sem ac, hendrerit mattis sapien.','2021-02-26 09:39:47','2021-02-26 09:39:47'),(54,129,34,'J\'ai oublié d\'ajouter : Nullam urna odio, ultricies eget sem ac, hendrerit mattis sapien. ','2021-02-26 09:42:20','2021-02-26 09:42:20'),(55,127,12,'Vivamus eget leo sed lacus hendrerit posuere. Curabitur iaculis ante a hendrerit bibendum. Cras in consectetur eros, nec iaculis est. Praesent id erat enim. Orci varius natoque penatibus et magnis dis parturient montes, nascetur ridiculus mus. Class aptent taciti sociosqu ad litora torquent per conubia nostra, per inceptos himenaeos. Nam tellus elit, efficitur vitae volutpat vel, mattis mattis purus. Donec fermentum cursus quam, eget suscipit nisl gravida ac. Aliquam feugiat a est a aliquam. Sed eget quam purus.','2021-02-26 09:44:52','2021-02-26 09:44:52'),(56,129,12,'Praesent a ultrices leo. Donec nisl diam, faucibus at sem nec, mollis consectetur eros. Nullam urna odio, ultricies eget sem ac, hendrerit mattis sapien. Vivamus erat urna, bibendum eget semper vitae, efficitur nec lacus.','2021-02-26 09:45:49','2021-02-26 09:45:49'),(57,130,13,'Nam pulvinar non felis eu gravida. In ac nisi vitae turpis varius interdum vel vel elit. Aliquam luctus bibendum aliquet. Donec pellentesque fringilla gravida. Maecenas sagittis tempus pellentesque. Lorem ipsum dolor sit amet, consectetur adipiscing elit. Morbi semper, nisl nec commodo vulputate, lectus erat rhoncus nisi.','2021-02-26 09:48:37','2021-02-26 09:48:37'),(58,130,32,'Nullam urna odio, ultricies eget sem ac, hendrerit mattis sapien. Vivamus erat urna, bibendum eget semper vitae, efficitur nec lacus. Duis faucibus gravida pharetra. Sed vestibulum lacus id euismod congue. Vestibulum congue ultricies odio, at commodo augue mollis eu.','2021-02-26 09:52:13','2021-02-26 09:52:13'),(60,10,22,'Nam sollicitudin justo condimentum tempus consectetur. Maecenas molestie est et egestas placerat. Praesent ante ligula, placerat vel laoreet non, ornare euismod erat. Maecenas lobortis blandit purus ut rhoncus. ','2021-02-26 09:55:10','2021-02-26 09:55:10'),(61,132,21,'Vestibulum aliquet, mauris et porta lobortis, sapien ipsum lacinia nisl, id ornare ligula metus quis urna. Duis suscipit condimentum elementum. Praesent ultrices magna vel aliquam tincidunt. Vestibulum sapien leo, luctus vel ullamcorper in, pulvinar sit amet erat. ','2021-02-26 09:56:23','2021-02-26 09:56:23'),(63,125,51,'Consectetur adipiscing elit. Mauris iaculis iaculis nisl, eu sagittis dolor eleifend eget. Vestibulum vel justo id neque condimentum interdum. Donec sit amet dapibus turpis, eu vulputate purus. Phasellus suscipit luctus ultrices. Nam eleifend turpis eget.','2021-02-26 09:58:13','2021-02-26 09:58:13'),(64,128,51,'Sagittis dolor eleifend eget. Vestibul vel justo id neque condimentum interdum. Dona sit amet dapibus turpis, eu vulputate purus...','2021-02-26 09:59:24','2021-02-26 09:59:24'),(65,124,92,'Luctus vel ullamcorper in, pulvinar sit amet erat. Praesent a ultrices leo. Donec nisl diam, faucibus at sem nec, mollis consectetur eros. Nullus erecta urna odio, ultricies eget sem ac, hendrerit mattis sapien. Vivamus erat urna, bibendum eget semper vitae, efficitur nec lacus.','2021-02-26 10:02:59','2021-02-26 10:02:59'),(66,124,84,'In pharetra imperdiet tellus eget accumsan. Nunc iaculis magna ut aliquam hendrerit. Nam sollicitudin justo condimentum tempus consectetur. Maecenas molestie est et egestas placerat. Praesent ante ligula, placerat vel laoreet non, ornare euismod erat. Maecenas lobortis blandit purus ut rhoncus. Aenean auctor auctor sagittis. Vivamus imperdiet, velit eget maximus vehicula.','2021-02-26 10:05:01','2021-02-26 10:05:01'),(68,132,26,'Un peu de courtoisie et de bienveillance. Merci ;)','2021-02-26 10:53:57','2021-02-26 10:53:57');
UNLOCK TABLES;
--
-- Table structure for table `post`
--
DROP TABLE IF EXISTS `post`;
CREATE TABLE `post` (
  `id` int unsigned NOT NULL AUTO_INCREMENT,
  `user_id` int unsigned NOT NULL,
  `content` text NOT NULL,
  `imageURL` varchar(255) DEFAULT '',
  `createdAt` datetime NOT NULL,
  `updateAt` datetime NOT NULL,
  PRIMARY KEY (`id`)
) ENGINE=InnoDB AUTO_INCREMENT=134 DEFAULT CHARSET=utf8mb4 COLLATE=utf8mb4_0900_ai_ci;
--
-- Dumping data for table `post`
--
LOCK TABLES `post` WRITE;
INSERT INTO `post` VALUES (10,11,'Lorem ipsum dolor sit amet, consectetur adipiscing elit. Maecenas lectus elit, molestie vel venenatis quis, porta a tortor. Aliquam euismod nisl vitae rutrum mollis. Pellentesque fermentum porta justo, quis gravida est condimentum sed. Nam pulvinar non felis eu gravida. In ac nisi vitae turpis varius interdum vel vel elit. Aliquam luctus bibendum aliquet. Donec pellentesque fringilla gravida. Maecenas sagittis tempus pellentesque. Lorem ipsum dolor sit amet, consectetur adipiscing elit. Morbi semper, nisl nec commodo vulputate, lectus erat rhoncus nisi, non varius arcu nibh vitae odio. Vestibulum diam orci, interdum in risus id, convallis egestas erat. Cras eget tincidunt tellus.','','2021-02-12 15:45:25','2021-02-12 15:45:25'),(11,12,'Phasellus consequat erat facilisis, tempor dolor a, pellentesque dolor. Mauris dapibus ornare ex dignissim elementum. Nam nec sagittis felis. Nam dictum urna id felis fermentum tincidunt. Ut ullamcorper libero in nunc imperdiet, rutrum luctus ligula semper. Proin ultrices nisi sit amet urna iaculis, sit amet tincidunt justo convallis. Cras fermentum quis neque sit amet maximus. Ut eget sodales ante. Maecenas posuere vitae nisi sed lobortis. Praesent sit amet bibendum magna, at lobortis dui. Nullam luctus cursus tristique. Duis aliquam nibh facilisis nisl suscipit consequat. Sed iaculis diam tellus, ac rhoncus eros malesuada volutpat. Integer vitae sem dolor.','','2021-02-12 15:47:17','2021-02-12 15:47:17'),(13,15,'Mauris eleifend eros ac quam venenatis, ut fringilla libero auctor. Sed eu enim facilisis turpis tempor facilisis vitae vel elit. Cras in dictum felis. Etiam malesuada felis nec libero imperdiet, a semper erat cursus. Ut commodo leo et hendrerit consectetur. Sed vehicula turpis ut magna sollicitudin, vitae pharetra lectus lacinia. Nunc a mi vel neque tristique pharetra. Nulla rhoncus nibh eu iaculis aliquam. Praesent ultricies diam sed diam venenatis scelerisque. Aliquam magna ante, eleifend non enim non, luctus consectetur dolor.','','2021-02-12 15:48:46','2021-02-12 15:48:46'),(124,91,'Morbi maximus dui vitae nisl ullamcorper fringilla. Donec libero velit, fringilla vel felis in, suscipit pulvinar nunc. Aenean rhoncus ornare lacus, sed ultrices velit pellentesque ut. Phasellus varius, eros sit amet scelerisque lacinia, ante metus ullamcorper mi, nec interdum augue libero at nunc. Maecenas laoreet tellus nisl, vel pharetra felis egestas vitae. Vestibulum malesuada semper interdum. Aenean eget vehicula massa. Sed finibus enim vitae massa dictum mattis. Sed convallis tempus arcu at auctor. Quisque quis scelerisque orci.','','2021-02-26 09:33:11','2021-02-26 09:33:11'),(125,50,'In id egestas risus. Pellentesque habitant morbi tristique senectus et netus et malesuada fames ac turpis egestas. Donec eu erat in ex tempor laoreet. Morbi tellus enim, pretium quis nisl eu, suscipit aliquam nibh. Aenean lacinia mi nunc, eu viverra mauris consequat eget. Curabitur at velit iaculis, varius tortor id, elementum tellus. In finibus vulputate tortor a sodales. Aliquam at egestas elit, quis tincidunt est. Nunc ut est nec ligula blandit aliquet. Praesent eu sem hendrerit, congue urna sed, sagittis tortor. Sed ultricies ac turpis quis laoreet.','','2021-02-26 09:34:45','2021-02-26 09:34:45'),(127,44,'Rutrum diam, non posuere odio. Nulla vitae ipsum ante. Donec id augue eget augue aliquam pellentesque et non leo. Proin id lacus efficitur, vestibulum purus ac, vestibulum turpis. Etiam porttitor lectus elit, porta blandit est auctor viverra. In sit amet eros justo. Pellentesque aliquet quam eget auctor efficitur. Fusce viverra quis mi non aliquet. Aliquam ultrices non purus sed egestas. Nullam venenatis sit amet turpis in rutrum. Aenean mattis nec nulla at euismod.','','2021-02-26 09:37:22','2021-02-26 09:37:22'),(128,65,'Ut sollicitudin ligula pretium, pretium neque nec, feugiat est. Donec scelerisque justo et sodales ultrices. Aliquam a tincidunt elit. Proin laoreet urna vitae purus dictum maximus. Pellentesque sit amet dapibus lorem, ut tempus lectus. In pharetra imperdiet tellus eget accumsan. Nunc iaculis magna ut aliquam hendrerit. Nam sollicitudin justo condimentum tempus consectetur. Maecenas molestie est et egestas placerat. Praesent ante ligula, placerat vel laoreet non, ornare euismod erat. Maecenas lobortis blandit purus ut rhoncus. Aenean auctor auctor sagittis. ','','2021-02-26 09:39:17','2021-02-26 09:39:17'),(129,34,'Sed eu enim facilisis turpis tempor facilisis vitae vel elit. Cras in dictum felis. Etiam malesuada felis nec libero imperdiet, a semper erat cursus. Ut commodo leo et hendrerit consectetur. Sed vehicula turpis ut magna sollicitudin, vitae pharetra lectus lacinia. Nunc a mi vel neque tristique pharetra. Nulla rhoncus nibh eu iaculis aliquam. Praesent ultricies diam sed diam venenatis scelerisque. Aliquam magna ante, eleifend non enim non, luctus consectetur dolor.','','2021-02-26 09:40:51','2021-02-26 09:41:27'),(130,12,'Maecenas id tellus eu ligula iaculis pretium sed eget ipsum. Proin odio felis, tempor quis commodo non, scelerisque nec lectus. Vestibulum ante ipsum primis in faucibus orci luctus et ultrices posuere cubilia curae; Mauris et neque non tortor pharetra porttitor. Nam pretium neque in imperdiet iaculis. Maecenas efficitur in sapien nec tincidunt. Suspendisse potenti. Lorem ipsum dolor sit amet, consectetur adipiscing elit. Mauris iaculis iaculis nisl, eu sagittis dolor eleifend eget. Vestibulum vel justo id neque condimentum interdum. Donec sit amet dapibus turpis, eu vulputate purus. Phasellus suscipit luctus ultrices. Nam eleifend turpis eget enim viverra gravida. Vestibulum lacinia mauris sed massa eleifend vehicula. In hac habitasse platea dictumst. Sed at pellentesque mauris, luctus finibus dui.','','2021-02-26 09:44:16','2021-02-26 09:44:16'),(131,13,'Vivamus eget leo sed lacus hendrerit posuere. Curabitur iaculis ante a hendrerit bibendum. Cras in consectetur eros, nec iaculis est. Praesent id erat enim. Orci varius natoque penatibus et magnis dis parturient montes, nascetur ridiculus mus. Class aptent taciti sociosqu ad litora torquent per conubia nostra, per inceptos himenaeos. Nam tellus elit, efficitur vitae volutpat vel, mattis mattis purus. Donec fermentum cursus quam, eget suscipit nisl gravida ac. Aliquam feugiat a est a aliquam. Sed eget quam purus.','','2021-02-26 09:47:43','2021-02-26 09:47:43'),(132,32,'Sed in accumsan urna, nec feugiat nisi. Morbi fringilla consequat nunc, eget semper enim lacinia quis. Nam vel urna consequat, lobortis enim nec, aliquam nulla. Nullam varius ante ac arcu euismod, eget euismod dui porttitor. Nunc pretium orci sem, in blandit eros pretium non. Vestibulum aliquet, mauris et porta lobortis, sapien ipsum lacinia nisl, id ornare ligula metus quis urna. Duis suscipit condimentum elementum. Praesent ultrices magna vel aliquam tincidunt. Vestibulum sapien leo, luctus vel ullamcorper in, pulvinar sit amet erat. Praesent a ultrices leo. Donec nisl diam, faucibus at sem.','','2021-02-26 09:51:00','2021-02-26 09:51:17');
UNLOCK TABLES;
--
-- Table structure for table `user`
--
DROP TABLE IF EXISTS `user`;
CREATE TABLE `user` (
  `id` int unsigned NOT NULL AUTO_INCREMENT,
  `email` varchar(60) NOT NULL,
  `pseudo` varchar(60) NOT NULL,
  `password` varchar(255) NOT NULL,
  `admin` tinyint DEFAULT '0',
  `createdAt` datetime NOT NULL,
  `updateAt` datetime NOT NULL,
  PRIMARY KEY (`id`),
  UNIQUE KEY `email_UNIQUE` (`email`),
  UNIQUE KEY `pseudo_UNIQUE` (`pseudo`)
) ENGINE=InnoDB AUTO_INCREMENT=96 DEFAULT CHARSET=utf8mb4 COLLATE=utf8mb4_0900_ai_ci;
--
-- Dumping data for table `user`
--
LOCK TABLES `user` WRITE;
INSERT INTO `user` VALUES (11,'kevin1@groupomania.com','Kévin1','$2b$10$XFV1dmOJlQkSABoIHk3F8.MNXmGLXJg7zy90zNa/e0SHcY7.wax2S',0,'2021-02-05 11:51:51','2021-02-05 11:51:51'),(12,'lea21@groupomania.com','Léa','$2b$10$sBL2zzYuqYGINw9Tlgj29.LC.S6lFt09V4dh.7wQMR1.qt9Etxgii',0,'2021-02-05 11:59:04','2021-02-05 11:59:04'),(13,'louise@groupomania.eu','Louise','$2b$10$tEFA.4WJvQ5D/NRhWwT3Z.pfNbY00.P223.vDtJy1BVkb5O4Wn9cq',0,'2021-02-05 12:19:35','2021-02-05 12:19:35'),(15,'virginie@groupomania.com','Virginie','$2b$10$gKxcUWucVcwC4GtR78uJGOeG.3/eRfJSwnSVBPpzKPnLwSqiLzRIG',0,'2021-02-05 17:51:54','2021-02-05 17:51:54'),(17,'charlie.ternay@groupomania.fr','Charlie Ternay Service informatique','$2b$10$M5y0KGxPA23ytSsHAW8z8.V2pHod6o9yazzwz4TY9xn4wwa48DWVK',0,'2021-02-06 10:14:03','2021-02-06 10:14:03'),(18,'mariemf@groupomania.eu','Marie MF','$2b$10$z3omZl9OWiuFNna8y5UAoeRMpT7AB22p5Q8TlHcAyWjXIvVngXwAe',0,'2021-02-06 10:31:30','2021-02-06 10:31:30'),(19,'yann@groupomania.com','Yann75','$2b$10$qjE/eSgYQ98hMCGaljllgODiLepd6fVWUQ/9YaNnR/IbMx0BQOZPG',0,'2021-02-06 10:35:11','2021-02-06 10:35:11'),(20,'stephanie@groupomania.com','Stéphanie11','$2b$10$m/zjsPt2pwo8OyjbefpWJuC/OUK8IPEVad0grYuDaKQbhiYI8bOky',0,'2021-02-06 10:37:31','2021-02-06 10:37:31'),(21,'enzo@groupomania.fr','Enzo dit Enzi','$2b$10$S339stp6RLX2lMw97zl16O61HVzYbuNteceqY/Ir9hGZ57pQt/ttS',0,'2021-02-06 10:43:24','2021-02-06 10:43:24'),(22,'helia@groupomania.com','Hélia Service RH','$2b$10$H9GbwDY2uy4OsXtXgD5OwOMt9YwWMxCA0dIi7TmF5kBUFlnQiYTRy',0,'2021-02-06 10:45:18','2021-02-06 10:45:18'),(26,'service_rh@groupomania.com','Modérateur','$2b$10$49SKKbhGmNjVlM1QzehPl.JqAE1yceNzBWYLlnehqtWLcw.2M6Eoy',1,'2021-02-06 12:52:45','2021-02-06 12:52:45'),(27,'newmax@perso.fr','Max au service sympa','$2b$10$0MMlVjDjJ2L27Iw69wzc5emnqITe9LmB/TMYpLduhgsgq8FIYBl6W',0,'2021-02-06 16:12:55','2021-02-06 16:12:55'),(32,'helene@groupomania.com','Helen','$2b$10$UyIu/b7ivxTHrc2qlbNaYu.Iqa504No0l0YnpAeCFU5hJS9OBLJHu',0,'2021-02-08 09:50:25','2021-02-08 09:50:25'),(34,'lea.gautrais@groupomania.fr','Léa Gautrais','$2b$10$IKi25UHBGXeXX2PZqowEF.YPRDKOEXXQ4dMar9kTQXnR2UCgN9wKK',0,'2021-02-08 10:06:19','2021-02-08 10:06:19'),(44,'hannah@groupomania.com','HannaH','$2b$10$nkEgCuHwZehjrG/o7A1HkuI8u7wr.FoV9vDYlTF5yydIkDxT39epG',0,'2021-02-08 23:37:39','2021-02-08 23:37:39'),(50,'leila@groupomania.com','Leïla','$2b$10$ULlij19XZcIY2lCH1dD0MendN7habpjJkiktgBD.n4Supp8FGUll6',0,'2021-02-10 23:23:50','2021-02-10 23:23:50'),(51,'yasmine@groupomania.fr','Yasmine','$2b$10$xhyRgFEAhoDiRPFN6UlBQusAZDk2rp9AkGvqqdZJi3eT.U6Z.0yOG',0,'2021-02-10 23:26:19','2021-02-10 23:26:19'),(65,'julien21291@gmail.com','Julien','$2b$10$uca.ojb9MiEF2SOldAmQW.ofKvKZ4G4wKr4yasUy2Gng2eKAU6oP6',0,'2021-02-12 10:01:57','2021-02-12 11:43:36'),(69,'sandrani@groupomania.com','Sandra Nielles','$2b$10$PLIHOgH7C2IJIiEwfHViNOqm5E7iFp1ezBMaPwgkm.x6rG8QA7XTO',0,'2021-02-12 10:22:18','2021-02-12 14:05:03'),(76,'andre@groupomania.com','Andy','$2b$10$Dm1aibppDU8d0OhF/4JP5uvqoywS3M1RmB7W/YN8NOpT5DMQ7uFlS',0,'2021-02-13 14:56:30','2021-02-13 14:59:32'),(84,'antoine@groupomania.com','Antoine Communication','$2b$10$1V368DgI2G5UVlDhWL3knOjobZHFmMF9tqE0kCaEWnKMvWL4kUzhS',0,'2021-02-21 18:58:51','2021-02-21 18:58:51'),(85,'julia@groupomania.fr','Julia','$2b$10$SaW1OTppIbSNyZFMnmzib.9i3uAkT63rCEFnanCNu.cvjsnSYjMn6',0,'2021-02-21 20:25:50','2021-02-21 20:25:50'),(88,'thomas@groupomania.com','Thomas Service production','$2b$10$7Y3J0uDDw5JD0duKmNER4ubYSfJ7krrNjWiO2TDuBKrMSfNW5vQIC',0,'2021-02-23 05:29:57','2021-02-23 05:29:57'),(91,'aldous@groupomania.com','Aldy','$2b$10$CFGj5HqTU9bIoekip1PKbu7.Crzs6GqjUivOHO7iAV7XCmI6gV/IK',0,'2021-02-26 09:31:27','2021-02-26 09:31:27'),(92,'matthieu@groupomania.com','Matthieu','$2b$10$pE6eoH4lbuJQM6rylFWgAuuH4O9gFQN/2XB6cziSXivmhEf6hzEeG',0,'2021-02-26 10:01:34','2021-02-26 10:01:34');
UNLOCK TABLES;

-- Dump completed on 2021-02-26 11:57:26
